<?xml version='1.0' encoding='utf-8'?>
<dependency-verification version='2'>
  <trust-requirement pgp='GROUP' checksum='NONE' />
  <ignored-keys>
    <ignored-key id='1d0690e353be126d' />
  </ignored-keys>
  <trusted-keys>
    <trusted-key id='07dbc3c1ab1f4468471656061c8d5ef0df2b70d4' group='cglib' />
    <trusted-key id='60200ac4ae761f1614d6c46766d68daa073be985' group='ch.qos.logback' />
    <trusted-key id='6ead752b3e2b38e8e2236d7ba9321edaa5cb3202' group='ch.randelshofer' />
    <trusted-key id='dcba03381ef6c89096acd985ac5ec74981f9cda6' group='com.beust' />
    <trusted-key id='28118c070cb22a0175a2e8d43d12ca2ac19f3181' group='com.fasterxml.jackson.core' />
    <trusted-key id='8a10792983023d5d14c93b488d7f1bec1e2ecae7' group='com.fasterxml.jackson.core' />
    <trusted-key id='8a10792983023d5d14c93b488d7f1bec1e2ecae7' group='com.fasterxml.jackson.dataformat' />
    <trusted-key id='8a10792983023d5d14c93b488d7f1bec1e2ecae7' group='com.fasterxml.jackson.module' />
    <trusted-key id='8a10792983023d5d14c93b488d7f1bec1e2ecae7' group='com.fasterxml.woodstox' />
    <trusted-key id='58f086abb0ede8f7a04b76c34c00043bec5cb7cb' group='com.fifesoft' />
    <trusted-key id='4ac55a85d30c3499a3219500b7e2662a7640a051' group='com.formdev' />
    <trusted-key id='8756c4f765c9ac3cb6b85d62379ce192d401ab61' group='com.formdev' />
    <trusted-key id='d112630c899f508198c09018105cb91cac2aee0e' group='com.github.autostyle' />
    <trusted-key id='635ee627345f3c1dd422b2e207d3516820bcf6b1' group='com.github.ben-manes.caffeine' />
    <trusted-key id='55e770230e69cc6de143fb5b62c82e50836eb3ee' group='com.github.gundy' />
    <trusted-key id='253e8e4c6fb28d11748115c1249dee8e2c07a0a2' group='com.github.javaparser' />
    <trusted-key id='fc2c31fc25fede4e7ad0d18c2bfd7825a8984fbe' group='com.github.javaparser' />
    <trusted-key id='4bde772c338ba540e1057d0c8ea48d105232855d' group='com.github.jknack' />
    <trusted-key id='a4fd709cc4b0515f2e6af04e218fa0f6a941a037' group='com.github.kevinstern' />
    <trusted-key id='160a7a9cf46221a56b06ad64461a804f2609fd89' group='com.github.shyiko.klob' />
    <trusted-key id='9857c388d7d1d9d031274cd0a5def5a76f94a471' group='com.github.spotbugs' />
    <trusted-key id='e05f005af50ae94e69701222b9729775c0352d3a' group='com.github.tomakehurst' />
    <trusted-key id='d112630c899f508198c09018105cb91cac2aee0e' group='com.github.vlsi.gradle' />
    <trusted-key id='b0255b26003ef6f82491acd7254e9c64c264c176' group='com.github.weisj' />
    <trusted-key id='c7be5bcc9fec15518cfda882b0f3710fa64900e7' group='com.google.auto' />
    <trusted-key id='3288b8be8512d6c0ca185268c51e6cbc7ff46f0b' group='com.google.auto.service' />
    <trusted-key id='c7be5bcc9fec15518cfda882b0f3710fa64900e7' group='com.google.auto.service' />
    <trusted-key id='c7be5bcc9fec15518cfda882b0f3710fa64900e7' group='com.google.auto.value' />
    <trusted-key id='3dbc5d7dc2fb8dd68aa429bd353a436e043e3145' group='com.google.code.findbugs' />
    <trusted-key id='7616eb882daf57a11477aaf559a252fb1199d873' group='com.google.code.findbugs' />
    <trusted-key id='afcc4c7594d09e2182c60e0f7a01b0f236e5430f' group='com.google.code.gson' />
    <trusted-key id='c7be5bcc9fec15518cfda882b0f3710fa64900e7' group='com.google.code.gson' />
    <trusted-key id='187366a3ffe6bf8f94b9136a9987b20c8f6a3064' group='com.google.errorprone' />
    <trusted-key id='7615ad56144df2376f49d98b1669c4bb543e0445' group='com.google.errorprone' />
    <trusted-key id='e77417ac194160a3fabd04969a259c7ee636c5ed' group='com.google.errorprone' />
    <trusted-key id='ee0ca873074092f806f59b65d364abaa39a47320' group='com.google.errorprone' />
    <trusted-key id='f05e5f90e43e837f9dd8c781bf935c771a8474f8' group='com.google.errorprone' />
    <trusted-key id='e77417ac194160a3fabd04969a259c7ee636c5ed' group='com.google.googlejavaformat' />
    <trusted-key id='694621a7227d8d5289699830abe9f3126bb741c1' group='com.google.guava' />
    <trusted-key id='bdb5fa4fe719d787fb3d3197f6d4a1d411e9d1ae' group='com.google.guava' />
    <trusted-key id='d5f46bc0b86af5dc56df58f05e975cb00c643dbf' group='com.google.inject' />
    <trusted-key id='b801e2f8ef035068ec1139cc29579f18fa8fd93b' group='com.google.j2objc' />
    <trusted-key id='eb1b3de71713c9ec2e87cc26ee92349ad86de446' group='com.google.j2objc' />
    <trusted-key id='187366a3ffe6bf8f94b9136a9987b20c8f6a3064' group='com.google.protobuf' />
    <trusted-key id='d75e25b78ebb19e47c0a99bca7764f502a938c99' group='com.google.protobuf' />
    <trusted-key id='f1a51e051f527e0c8e24d54d4b1e11d5a4b91e89' group='com.google.protobuf' />
    <trusted-key id='a9789342f598ad5b1175ef357eb97d110dfadd60' group='com.googlecode.concurrent-trees' />
    <trusted-key id='015479e1055341431b4545ab72475fd306b9cab7' group='com.googlecode.javaewah' />
    <trusted-key id='670be7d076a0c89f5f07625ae57428da9e879e7d' group='com.helger' />
    <trusted-key id='670be7d076a0c89f5f07625ae57428da9e879e7d' group='com.helger.commons' />
    <trusted-key id='41d266db4427983a1a4afb0c3684155e9365c30e' group='com.jayway.jsonpath' />
    <trusted-key id='34d6ff19930adf43ac127792a50569c7ca7fa1f0' group='com.jcraft' />
    <trusted-key id='817ea1255546d6070a23aa00db45d3a62a183ce2' group='com.miglayout' />
    <trusted-key id='adbc987d1a7b91db6b0aaa81995efbf4a3d20beb' group='com.pinterest' />
    <trusted-key id='adbc987d1a7b91db6b0aaa81995efbf4a3d20beb' group='com.pinterest.ktlint' />
    <trusted-key id='06d34ed6ff73de368a772a781063fe98bcecb758' group='com.puppycrawl.tools' />
    <trusted-key id='1be2dd4b1fcf252fe4f0a1d103281aa0289ff53a' group='com.soywiz.korlibs.korte' />
    <trusted-key id='4f7e32d440ef90a83011a8fc6425559c47cc79c4' group='com.sun.activation' />
    <trusted-key id='31fae244a81d64507b47182e1b2718089ce964b8' group='com.thoughtworks.qdox' />
    <trusted-key id='050a37a2e0577f4baa095b52602ec18d20c4661c' group='com.thoughtworks.xstream' />
    <trusted-key id='b6e73d84ea4fcc47166087253faad2cd5ecbb314' group='commons-beanutils' />
    <trusted-key id='d196a5e3e70732eeb2e5007f1861c322c56014b2' group='commons-beanutils' />
    <trusted-key id='b6e73d84ea4fcc47166087253faad2cd5ecbb314' group='commons-cli' />
    <trusted-key id='cd5464315f0b98c77e6e8ecd9daadc1c9fcc82d0' group='commons-cli' />
    <trusted-key id='2db4f1ef0fa761ecc4ea935c86fdc7e2a11262cb' group='commons-codec' />
    <trusted-key id='bc87a3fd0a54480f0badbebd21939ff0ca2a6567' group='commons-codec' />
    <trusted-key id='0cc641c3a62453ab390066c4a41f13c999945293' group='commons-collections' />
    <trusted-key id='d196a5e3e70732eeb2e5007f1861c322c56014b2' group='commons-collections' />
    <trusted-key id='b6e73d84ea4fcc47166087253faad2cd5ecbb314' group='commons-fileupload' />
    <trusted-key id='2db4f1ef0fa761ecc4ea935c86fdc7e2a11262cb' group='commons-io' />
    <trusted-key id='636de9055c4c75c7bd9830771241bc872c5e4ec0' group='commons-lang' />
    <trusted-key id='d196a5e3e70732eeb2e5007f1861c322c56014b2' group='commons-lang' />
    <trusted-key id='0cc641c3a62453ab390066c4a41f13c999945293' group='commons-logging' />
    <trusted-key id='b920d295bf0e61cb4cf0896c33cd6733af5ec452' group='commons-logging' />
    <trusted-key id='2db4f1ef0fa761ecc4ea935c86fdc7e2a11262cb' group='commons-net' />
    <trusted-key id='0186f8b24c5bc02c94a0e0e486f75e83e1ee085f' group='de.thetaphi' />
    <trusted-key id='1fa37fbe4453c1073e7ef61d6449005f96bc97a3' group='de.undercouch' />
    <trusted-key id='3e1ac64f4e34e290503c90323449ec3ac2efe8aa' group='dnsjava' />
    <trusted-key id='8756c4f765c9ac3cb6b85d62379ce192d401ab61' group='info.picocli' />
    <trusted-key id='aa417737bd805456db3cbdde6601e5c08dccbb96' group='info.picocli' />
    <trusted-key id='c62c0ce2e5c346b2d9bf2d8bb2ca0dfe9ed21c6e' group='io.burt' />
    <trusted-key id='1ab9bdf40ed49debb5caaded5b30d3b10694f057' group='io.codearte.gradle.nexus' />
    <trusted-key id='7186bbf993566d8c2f4f7ed7d945e643368fef62' group='io.github.eisop' />
    <trusted-key id='d477d51812e692011db11e66a6ea2e2bf22e0543' group='io.github.java-diff-utils' />
    <trusted-key id='e52567d2589415bd74eb4c2867631bc0568801c3' group='io.github.microutils' />
    <trusted-key id='050a37a2e0577f4baa095b52602ec18d20c4661c' group='io.github.x-stream' />
    <trusted-key id='6dd3b8c64ef75253beb2c53ad908a43fb7ec07ac' group='jakarta.activation' />
    <trusted-key id='a1483f88ba771993ab609c43590c2310cee1c9be' group='jakarta.jms' />
    <trusted-key id='fc411cd3cb7dcb0abc9801058118b3bcdb1a5000' group='jakarta.xml.bind' />
    <trusted-key id='4f7e32d440ef90a83011a8fc6425559c47cc79c4' group='javax.activation' />
    <trusted-key id='4f7e32d440ef90a83011a8fc6425559c47cc79c4' group='javax.annotation' />
    <trusted-key id='4f7e32d440ef90a83011a8fc6425559c47cc79c4' group='javax.mail' />
    <trusted-key id='4f7e32d440ef90a83011a8fc6425559c47cc79c4' group='javax.servlet' />
    <trusted-key id='4daded739cdf2cd0e48e0ec44044edf1bb73efea' group='jaxen' />
    <trusted-key id='ca491704d613780d2bee00f2c6fc46eb51cf569c' group='jaxen' />
    <trusted-key id='b5569a15406ae682380f3ef8528dc75aa68f0923' group='jcharts' />
    <trusted-key id='ea23db1360d9029481e7f2efecdfea3cb4493b94' group='jline' />
    <trusted-key id='ff6e2c001948c5f2f38b0cc385911f425ec61b51' group='junit' />
    <trusted-key id='a7892505cf1a58076453e52d7999befba1039e8b' group='net.bytebuddy' />
    <trusted-key id='fa7929f83ad44c4590f6cc6815c71c0a4e0b8edd' group='net.java.dev.jna' />
    <trusted-key id='3f999bb69041cf17e73bb1cec038787776a19d18' group='net.javacrumbs.json-unit' />
    <trusted-key id='d75a8c9fcf1016c0f54f2d4dc51e10bd96d06071' group='net.javacrumbs.json-unit' />
    <trusted-key id='2f39e2a1eb9bc4e78f403b22f6bc09712c8df6ec' group='net.minidev' />
    <trusted-key id='517b94f8d0a46317a28d8ab30da8a5ec02d11ead' group='net.sf.jopt-simple' />
    <trusted-key id='4f752a9878e937049ef3fba7d4012dda1f1f0f82' group='net.sf.jtidy' />
    <trusted-key id='4c5f68d09d42ba7fac888df9a929ea2321fdbf8f' group='net.sf.saxon' />
    <trusted-key id='d9aa7402ba75f78720d975211d185615d0a84648' group='net.sf.saxon' />
    <trusted-key id='a1885c07a3204611fb184ef7098a31f381819057' group='net.sourceforge.nekohtml' />
    <trusted-key id='2c1708ea05adf6966c32d6454a1bac7f1e3b89b3' group='nl.jqno.equalsverifier' />
    <trusted-key id='124dac8350968ec2a8260584ee8ecbbbc188fd5d' group='org.ajoberstar.grgit' />
    <trusted-key id='5719e50eac5a4b1dd390b72c2a742740e08e7f8d' group='org.antlr' />
    <trusted-key id='b01128c8fd304fe48e6eed2c347cd0eaed975c5f' group='org.antlr' />
    <trusted-key id='dddee87612e9fb95f5c8d91e411063a3a0ffd119' group='org.apache-extras.beanshell' />
    <trusted-key id='1aa8cf92d409a73393d0b736bff2ee42c8282e76' group='org.apache.activemq' />
    <trusted-key id='8da70c00df7af1b0d2f9dc74ddbcc1270a29d081' group='org.apache.ant' />
    <trusted-key id='2db4f1ef0fa761ecc4ea935c86fdc7e2a11262cb' group='org.apache.bcel' />
    <trusted-key id='12d16069219c90212a974d119ae296fd02e9f65b' group='org.apache.commons' />
    <trusted-key id='2db4f1ef0fa761ecc4ea935c86fdc7e2a11262cb' group='org.apache.commons' />
    <trusted-key id='3692c12c7e3d336a452beb254e066e0459cd109b' group='org.apache.commons' />
    <trusted-key id='41a1a08c62fca78b79d3081164a16faaec16a4be' group='org.apache.commons' />
    <trusted-key id='ce8075a251547bee249bc151a2115ae15f6b8b72' group='org.apache.commons' />
    <trusted-key id='d6f1bc78607808ec8e9f69437a8860944fad5f62' group='org.apache.commons' />
    <trusted-key id='4d2db2916149baa9d0c92f3731474e5e7c6b7034' group='org.apache.ftpserver' />
    <trusted-key id='ea23db1360d9029481e7f2efecdfea3cb4493b94' group='org.apache.geronimo.specs' />
    <trusted-key id='0785b3eff60b1b1bea94e0bb7c25280eae63ebe5' group='org.apache.httpcomponents' />
    <trusted-key id='0785b3eff60b1b1bea94e0bb7c25280eae63ebe5' group='org.apache.httpcomponents.client5' />
    <trusted-key id='0785b3eff60b1b1bea94e0bb7c25280eae63ebe5' group='org.apache.httpcomponents.core5' />
    <trusted-key id='53c935821aa6a755bd337db53595395eb3d8e1ba' group='org.apache.logging.log4j' />
    <trusted-key id='4d2db2916149baa9d0c92f3731474e5e7c6b7034' group='org.apache.mina' />
    <trusted-key id='6bfab2e3c6490b421b25c76c9c8c892f91f8e6d1' group='org.apache.rat' />
    <trusted-key id='184454fad8697760f3e00d2e4a51a45b944ffd51' group='org.apache.tika' />
    <trusted-key id='7b9751fc3f01f134f476464cd0eb627d4885ced1' group='org.apache.velocity' />
    <trusted-key id='82d8419ba697f0e7fb85916ee91287822fdb81b1' group='org.apache.xbean' />
    <trusted-key id='c758f9cc982ac877e7b295dd6e97418b04b11dcb' group='org.apache.xbean' />
    <trusted-key id='5c9a30ff22b2c02f30261c305b93f1df7cdb6dea' group='org.apache.xmlgraphics' />
    <trusted-key id='ff6e2c001948c5f2f38b0cc385911f425ec61b51' group='org.apiguardian' />
    <trusted-key id='08f0aab4d0c1a4bdde340765b341ddb020fcb6ab' group='org.bouncycastle' />
    <trusted-key id='3a4d86c56ca99373b6d8953dbe84d764623a3644' group='org.brotli' />
    <trusted-key id='19beab2d799c020f17c69126b16698a4adf4d638' group='org.checkerframework' />
    <trusted-key id='34441e504a937f43eb0daef96a65176a0fb1cd0b' group='org.codehaus.groovy' />
    <trusted-key id='7faa0f2206de228f0db01ad741321490758aad6f' group='org.codehaus.groovy' />
    <trusted-key id='82f833963889d7ed06f1e4dc6525fd70cc303655' group='org.codehaus.mojo' />
    <trusted-key id='f254b35617dc255d9344bcfa873a8e86b4372146' group='org.codehaus.mojo' />
    <trusted-key id='6214760097dc5cfad0175ac2c9fbaa83a8753994' group='org.codehaus.woodstox' />
    <trusted-key id='8f9a3c6d105b9f57844a721d79e193516be7998f' group='org.dom4j' />
    <trusted-key id='2e92113263fc31c74ccbaab20e91c2de43b72bb1' group='org.ec4j.core' />
    <trusted-key id='5989baf76217b843d66be55b2d0e1fb8fe4b68b4' group='org.eclipse.jetty' />
    <trusted-key id='f254b35617dc255d9344bcfa873a8e86b4372146' group='org.eclipse.jetty' />
    <trusted-key id='5989baf76217b843d66be55b2d0e1fb8fe4b68b4' group='org.eclipse.jetty.http2' />
    <trusted-key id='f254b35617dc255d9344bcfa873a8e86b4372146' group='org.eclipse.jetty.http2' />
    <trusted-key id='7c669810892cbd3148fa92995b05ccde140c2876' group='org.eclipse.jgit' />
    <trusted-key id='1def9646901a1652e5b3e5ea694db6f419c8d1fd' group='org.exparity' />
    <trusted-key id='13ac2213964abe1d1c147c0e1939a2520bab1d90' group='org.freemarker' />
    <trusted-key id='e5b8247af8a619a28f90fdfc9ff25980f5ba7e4f' group='org.fusesource.hawtbuf' />
    <trusted-key id='4db1a49729b053caf015cee9a6adfc93ef34893e' group='org.hamcrest' />
    <trusted-key id='e3a9f95079e84ce201f7cf60bede11eaf1164480' group='org.hamcrest' />
    <trusted-key id='d76260c72df74e66268f7770ab049df4ab24c1ef' group='org.hsqldb' />
    <trusted-key id='a413f67d71beec23add0ce0acb43338e060cf9fa' group='org.jacoco' />
    <trusted-key id='e5c3b1929191df06136ccb2b164779204e106a76' group='org.javassist' />
    <trusted-key id='9a4555c237785ca8a6dc1fe58799af90c06efbbd' group='org.jdom' />
    <trusted-key id='2e3a1affe42b5f53af19f780bcf4173966770193' group='org.jetbrains' />
    <trusted-key id='33fd4bfd33554634053d73c0c2148900bcd3c2af' group='org.jetbrains' />
    <trusted-key id='e62231331bca7e1f292c9b88c1b12a5d99c0729d' group='org.jetbrains' />
    <trusted-key id='98465301a4939c0279f2e847d89d05374952262b' group='org.jetbrains.dokka' />
    <trusted-key id='8756c4f765c9ac3cb6b85d62379ce192d401ab61' group='org.jetbrains.intellij.deps' />
    <trusted-key id='6f538074ccebf35f28af9b066a0975f8b1127b83' group='org.jetbrains.kotlin' />
    <trusted-key id='8756c4f765c9ac3cb6b85d62379ce192d401ab61' group='org.jetbrains.kotlinx' />
    <trusted-key id='8e3a02905a1ae67e7b0f9acd3967d4eda591b991' group='org.jetbrains.kotlinx' />
    <trusted-key id='e7dc75fc24fb3c8dfe8086ad3d5839a2262cbbfb' group='org.jetbrains.kotlinx' />
    <trusted-key id='8a9352189aeccfb4ae1f3bc616fbb6b6e3120829' group='org.jetbrains.lets-plot' />
    <trusted-key id='feabfb0dbd7a754822d35dd9be6397e958ab7594' group='org.jetbrains.lets-plot' />
    <trusted-key id='1fcffe916b6670868fa0ea0391ae1504568ec4dd' group='org.jodd' />
    <trusted-key id='cdcaa216b086a7b603b638c5145d819475314d97' group='org.json' />
    <trusted-key id='f3184bcd55f4d016e30d4c9bf42e87f9665015c9' group='org.jsoup' />
    <trusted-key id='ff6e2c001948c5f2f38b0cc385911f425ec61b51' group='org.junit.jupiter' />
    <trusted-key id='ff6e2c001948c5f2f38b0cc385911f425ec61b51' group='org.junit.platform' />
    <trusted-key id='ff6e2c001948c5f2f38b0cc385911f425ec61b51' group='org.junit.vintage' />
    <trusted-key id='08ba61cf501c09f70911b83b82216a03caa86c78' group='org.mongodb' />
    <trusted-key id='e9af5293c334c7c0b583227d2f45f85cdf082e68' group='org.mozilla' />
    <trusted-key id='07a4fa67a8222f1b39f9edaef8052e4e1bd0db31' group='org.neo4j.driver' />
    <trusted-key id='e85aed155021af8a6c6b7a4a7c7d8456294423ba' group='org.objenesis' />
    <trusted-key id='019082bc00e0324e2aef4cf00d3b328562a119a7' group='org.openjdk.jmh' />
    <trusted-key id='ff6e2c001948c5f2f38b0cc385911f425ec61b51' group='org.opentest4j' />
    <trusted-key id='a5bd02b93e7a40482eb1d66a5f69ad087600b22c' group='org.ow2.asm' />
    <trusted-key id='908366594e746bf3c449f5622be5d98f751f4136' group='org.pcollections' />
    <trusted-key id='e0d98c5fd55a8af232290e58dee12b9896f97e34' group='org.pcollections' />
    <trusted-key id='50a628ffaf58480736b1079fd1031d14464180e0' group='org.reactivestreams' />
    <trusted-key id='a33a0b49a4c1ab590b0a4ddc1364c5e2df3e99c5' group='org.reactivestreams' />
    <trusted-key id='3f2a008a91d11a7fac4a0786f13d3e721d56bd54' group='org.reflections' />
    <trusted-key id='475f3b8e59e6e63aa78067482c7b12f2a511e325' group='org.slf4j' />
    <trusted-key id='60200ac4ae761f1614d6c46766d68daa073be985' group='org.slf4j' />
    <trusted-key id='2b1042677fd8190c7b9fc0dc2161d72e7dcd4258' group='org.sonarsource.scanner.api' />
    <trusted-key id='f1182e81c792928921dbcab4cfca4a29d26468de' group='org.sonarsource.scanner.api' />
    <trusted-key id='76e94e8ff0ab5af3b6f8366972fefd1572eb75e1' group='org.spockframework' />
    <trusted-key id='8756c4f765c9ac3cb6b85d62379ce192d401ab61' group='org.springframework' />
    <trusted-key id='e2acb037933cdeaab7bf77d49a2c7a98e457c53d' group='org.springframework' />
    <trusted-key id='7cd52b5a8295137c88fb5748dddafa7674e54418' group='org.testng' />
    <trusted-key id='fa1703b1d287caea3a60f931e0130a3ed5a2079e' group='org.webjars' />
    <trusted-key id='4c5f68d09d42ba7fac888df9a929ea2321fdbf8f' group='org.xmlresolver' />
    <trusted-key id='ce8075a251547bee249bc151a2115ae15f6b8b72' group='org.xmlunit' />
    <trusted-key id='2db4f1ef0fa761ecc4ea935c86fdc7e2a11262cb' group='xalan' />
    <trusted-key id='e5b8247af8a619a28f90fdfc9ff25980f5ba7e4f' group='xalan' />
    <trusted-key id='6cb87b18a453990eac9453f87d713008cc07e9ad' group='xerces' />
    <trusted-key id='2db4f1ef0fa761ecc4ea935c86fdc7e2a11262cb' group='xml-apis' />
  </trusted-keys>
  <dependencies>
    <dependency group='antlr' module='antlr' version='2.7.7'>
      <sha512>311C3115F9F6651D1711C52D1739E25A70F25456CACB9A2CDDE7627498C30B13D721133CC75B39462AD18812A82472EF1B3B9D64FAB5ABB0377C12BF82043A74</sha512>
    </dependency>
    <dependency group='aopalliance' module='aopalliance' version='1.0'>
      <sha512>3F44A932D8C00CFEEE2EB057BCD7C301A2D029063E0A916E1E20B3AEC4877D19D67A2FD8AAF58FA2D5A00133D1602128A7F50912FFB6CABC7B0FDC7FBDA3F8A1</sha512>
    </dependency>
    <dependency group='bsf' module='bsf' version='2.4.0'>
      <sha512>CF2FF6EA53CD13EA842CAD398F1BE24539BEC68A5CBBD088492ADAB50BC782CDE6D9F4C0B6A24DEAEEE537809C90631C43F9A680FF2826C28CCF1B39380954E3</sha512>
    </dependency>
    <dependency group='com.github.bulenkov.darcula' module='darcula' version='e208efb96f70e4be9dc362fbb46f6e181ef501dd'>
      <sha512>80F3335D8EA3FB3FF07A12A79C958C4E3F8BB542511C52825A8B3694AC96F027E24396CE9EDCEFA44EE93B5CBED4E4AED4575E6AAED56F363BAE92C52EE85D22</sha512>
    </dependency>
    <dependency group='com.github.spotbugs.snom' module='spotbugs-gradle-plugin' version='5.0.14'>
      <sha512>F8768877E3B204EA886F7BDEE6B4D900DB80B1B63CF37800F56E3BB1E2D3C13B38F7BA4784160DB80A0CAB658D4948BEE1992E9FAFE519C156BEF8A4B0B3E903</sha512>
    </dependency>
    <dependency group='com.github.vlsi.gradle' module='crlf-plugin' version='1.85'>
      <sha512>59CD14C68456ADD477C6B6ACC8AC330EE5A10BA4394E3434450E958EC04968197C3EDAE8F3693D42CA32A5C0F639D6D60CF155B659D91CF89301744130087D9A</sha512>
    </dependency>
    <dependency group='com.github.vlsi.gradle' module='gradle-extensions-plugin' version='1.85'>
      <sha512>42B201D43EC742D1EC4122D936291A6FF3C757E9522CA1940D2E25847F4B15D1AF814F4ED9139CD86D501849D2FD887725BF5498471D62FCBDD906AD6F167B8</sha512>
    </dependency>
    <dependency group='com.github.vlsi.gradle' module='license-gather-plugin' version='1.85'>
      <sha512>C9B64C9E8D0BE6108D479BE50D156007438CD193517CB79BEE3B9C172F38502EA77CC757D79B78C1BF7436F7747D87FE0E1B59893A5259F29711B72D7AFE1774</sha512>
    </dependency>
    <dependency group='com.github.vlsi.gradle' module='stage-vote-release-plugin' version='1.85'>
      <sha512>2F70DA03A8F8ECF0F92C7B8B219321DFE9C8926DC55BF343662B043F277C7F63090B1B7E06F963606D9D9228E3FA4245393E2D3773DFD3D059136EB65D2E7998</sha512>
    </dependency>
    <dependency group='commons-logging' module='commons-logging' version='1.0.4'>
      <sha512>C8D2D39A60ADCC49091D393DAF30473D1776E4B6B09BB86639171F660833A17AFBDC9F3E85843093535DA16FA664CD7CD4CA38F54E141018DD1B78DE681AD668</sha512>
    </dependency>
    <dependency group='de.marcphilipp.gradle' module='nexus-publish-plugin' version='0.4.0'>
      <sha512>37EC6DFBDDD0458A2A341E371D038B3B0A25AB2F9006B295EBCF3BDE873A8D02C8CDAA6C69D875500F67593C618E8EF62C0269FB2F7F527A1367A7D6B8EA3CBE</sha512>
    </dependency>
    <dependency group='gradle.plugin.com.github.spotbugs.snom' module='spotbugs-gradle-plugin' version='4.5.0'>
      <sha512>36557C04B8FC7DC446B5FBDD6383A1B7281708B424C3039E7EC11807F3BB9A5E2764BE4BEC1D717C38595B12D8B291CB2A002D85B5E79DC9A9A4CBD27C58C7BB</sha512>
    </dependency>
    <dependency group='gradle.plugin.com.github.spotbugs' module='spotbugs-gradle-plugin' version='1.6.10'>
      <sha512>E7486B32EF6C9C14FE879814DA5F06CA6ECABF47195063A93E6FC8CD10119244C5A7BC3C71A4760CCE3AFFA9E9736336D345D8ED84EB65153C15683FA6529D92</sha512>
    </dependency>
    <dependency group='gradle.plugin.com.github.spotbugs' module='spotbugs-gradle-plugin' version='2.0.0'>
      <sha512>B3BFAD07E6A3D4D73CBCE802D8614CF4AC84E589166D243D41028DC077F84C027DF4D514F145360405F37DA73A8F2E7B65D90877A9EE1151174D2440530F9051</sha512>
    </dependency>
    <dependency group='gradle.plugin.org.jetbrains.gradle.plugin.idea-ext' module='gradle-idea-ext' version='1.1.7'>
      <sha512>B7B121AC6385206A03717E03A61C9514478934CF7E8BBDCD87BD2E8ECFC2DEB37B9B834DA34EAA14C16CA6F61DB6A4DCD1C89FEDEE22EEBDEF6EAE5423847CE1</sha512>
    </dependency>
    <dependency group='io.freefair.gradle' module='lombok-plugin' version='5.3.3.3'>
      <sha512>750C97C7BE33EEF83B43A94E4342F978F5FDB0E4A523ABB408CC1E2111CE214CEC3A6177265618A8429FFB6C09A0E47070C68F2F046F3A6CCC0F5DD77D2E2ED0</sha512>
    </dependency>
    <dependency group='io.github.microutils' module='kotlin-logging' version='2.0.5'>
      <sha512>7396153FF7D2188A963CAEFAC07197C40FCA4866856EC0A1011C5B17E69DA098FCB01401B62E795FBEE18C5BA06D8076380BEC91DA96ADDFC512232B7A6C9A7F</sha512>
    </dependency>
    <dependency group='javax.inject' module='javax.inject' version='1'>
      <sha512>E126B7CCF3E42FD1984A0BEEF1004A7269A337C202E59E04E8E2AF714280D2F2D8D2BA5E6F59481B8DCD34AAF35C966A688D0B48EC7E96F102C274DC0D3B381E</sha512>
    </dependency>
    <dependency group='me.champeau.jmh' module='jmh-gradle-plugin' version='0.7.1'>
      <sha512>D0B6A85CA7261FCEF0B2796F8FAD16C1044822AFE5ECD896B1103D7015FF690E806EC969B01150E9CA3FF96607AB53B6468ED2D5F3260C019CAE953B2291E7A4</sha512>
    </dependency>
    <dependency group='net.jcip' module='jcip-annotations' version='1.0'>
      <sha512>CB312B3F571D91EF183C119D878F50464FFD97F853B7311CBA386463F295E8B7B3A5A89ED4269A045CACD5AA7CB4C803D4882854A0FDDEFA9BBC28C72AA6C786</sha512>
    </dependency>
    <dependency group='net.ltgt.gradle' module='gradle-errorprone-plugin' version='1.2.1'>
      <sha512>DC1FA477AE67F94B7CA427F1F88FD3C56E562EB3ED92A3CBC4CC116258EB3856F4B53C99506FDC279F6983EAE74BA21271E4A152F5DB8B41392FFCBB6B087C78</sha512>
    </dependency>
    <dependency group='net.ltgt.gradle' module='gradle-errorprone-plugin' version='3.1.0'>
      <sha512>3D4753C1818615A894B33EB51E16A1D9F820D997EB1C3F2FFD0AC2345A0F587D53044C0BE1D9D6B776C1994D9AE3D7036064D4A801EF88D478D3D219F1964D1D</sha512>
    </dependency>
    <dependency group='net.minidev' module='accessors-smart' version='2.4.7'>
      <sha512>6DAAF2FE1B278599D6D0BBD3F157096F8BCCF3D25616099C128139CE164B29461860EB2786F3D3728937A0D0505DF73F1C9673B0766F946C50878E5F60305736</sha512>
    </dependency>
    <dependency group='net.minidev' module='accessors-smart' version='2.4.8'>
      <sha512>45405C083334B05EFA07572497B9D510CA771AF32CE93D960BE802216A9714FFFF8418384EA48E197D3DFB6EBEC4EC3E610155841E8A257A7FB9A4BD6A1B668F</sha512>
    </dependency>
    <dependency group='net.minidev' module='json-smart' version='2.4.7'>
      <sha512>3E9E1EE9A44EA15044B588B06A956AC150A37B63C161BF9B08A60539F5C90EFC7718DEB24FD084F503B68092516AAC3349DBB74049777EA4C6619AC26090A1D</sha512>
    </dependency>
    <dependency group='net.minidev' module='json-smart' version='2.4.8'>
      <sha512>13F4609FE72DF98C81F86D25616E5B0CE1426688AA5A9DD953733FA98A8DEADB87B3E69A77741DC9D31DD4485265D3B9E4EC71D99346E4A7558F2500F3677714</sha512>
    </dependency>
    <dependency group='net.sf.ezmorph' module='ezmorph' version='1.0.6'>
      <sha512>16D30BE564723B74F312B4E7D06F349370FB6726B3162778C869CD723ECA2A40C4972C2757B3E107E1820CEC0D70B0BD2B96EFCD466518FC64495F7AEF97967A</sha512>
    </dependency>
    <dependency group='net.sf.json-lib' module='json-lib' version='2.3' classifier='jdk15'>
      <sha512>ED6E95BF555AD3193B527258972DAFABD73745D993DA0CECE486E34A471D080850D201864026F4F41CA0982926C264C6E6CC55D91F000CDFD5D09EE3F306735C</sha512>
    </dependency>
    <dependency group='org.checkerframework' module='checkerframework-gradle-plugin' version='0.6.28'>
      <sha512>976E7FECDEC7793A0E44562972DC86D16416913DD58C9A9A24A69DC7A32E2FC7B651505E6916F6CC50D91EC82629284C58AFCBB233277E7635B8777DA07F228C</sha512>
    </dependency>
    <dependency group='org.codehaus.groovy.modules.http-builder' module='http-builder' version='0.7.1'>
      <sha512>BC7BC2A514F8CA104A392ECF8736F4A3D316EE988FA91299D33B0AF46134B38E14E4A5061449D17B2DF7A521643E6C02DFA37CC277ED7CAB7CE83C28C00E9719</sha512>
    </dependency>
    <dependency group='org.gradle.kotlin' module='gradle-kotlin-dsl-plugins' version='4.0.7'>
      <sha512>2304C8B72245837B42332431311970083BF0E03CA13128808AD8B4739ECDCDC43BF089256F6ED29BFD31FE859DA76BBA3FB61737EF0B8A380C75AA67AF7A8382</sha512>
    </dependency>
    <dependency group='org.jetbrains.kotlin' module='kotlin-gradle-plugin' version='1.8.21'>
      <sha512>09D6B646399888DBD6498D24C2B6FABBEF49444FD0710E8F93FE266FFFD11A4A2C1CFEE3431D52AD03CA781E2EFAB60896DCA53AE56924AA0C48F9C85FCE66BB</sha512>
    </dependency>
    <dependency group='org.jetbrains.kotlinx' module='atomicfu' version='0.17.0'>
      <sha512>1D66B1C76711E0F48800BA1EDFAABC0763A21FC0D4145DED508C8D9DCA0EDF5A61A791E58985578C25861435F5BFB4EFD5E0648A8D0E85A30CDFB01AD1559C6B</sha512>
    </dependency>
    <dependency group='org.jetbrains.kotlinx' module='atomicfu' version='0.17.3'>
      <sha512>A3E69E3B8416E71842921D439A45BCE30BD00043E17923B5071A298C79F4914B1CB1FAA8DAA779CBC234B576AA54A3DE4D816C2BD7E4C2712A119C357027C2B9</sha512>
    </dependency>
    <dependency group='org.jetbrains.kotlinx' module='atomicfu' version='0.20.2'>
      <sha512>8B31FEED38FCEE2CBD0705587D0E960DA508ED59F2EC51EB1C4789F3093937F5B0CF87C21B13967AB22E718E7FBFF7BD3CA4B4D0CA872EB408448583E3F45C8F</sha512>
    </dependency>
    <dependency group='org.jetbrains.kotlinx' module='kotlinx-coroutines-core' version='1.6.1'>
      <sha512>44A5D6F34DB9A4BAE1C11CA10563F3A25F1C6A8F681ABD31C530C7D36C9B001AB6F345F0AB5E2AFD94AD5AB436C06D12D7B1AD9EB7F12DB3EF9487D692107921</sha512>
    </dependency>
    <dependency group='org.jetbrains.kotlinx' module='kotlinx-coroutines-core' version='1.6.4'>
      <sha512>626213318BD0605586FC693969765FAE3BB15D2BCBBACB597C6E32AA1BDEF6430980480B6732556FCD93DE1E6BA99F9E050141AD59259AAE386D8D05A3C44C27</sha512>
    </dependency>
    <dependency group='org.jetbrains.kotlinx' module='kotlinx-coroutines-core' version='1.7.1'>
      <sha512>89CA3D64D42938DCB50AC58CD53D1DAEAF6EA0BF69CC01DEFE7467D2D1F23BE7932D005861A6E08C2C81980EE1F8EFB9A944B939FE02AF99518753704383C086</sha512>
    </dependency>
    <dependency group='org.nosphere.apache' module='creadur-rat-gradle' version='0.8.0'>
      <sha512>F9C0C770036768965D955BF849933DFA1B5805959D0C93C2C70DA31D67C200140CAC7B9B93CF28B3F86AA3A5993DD25D566E37B0C451264CB0F6F2B5CD88F760</sha512>
    </dependency>
    <dependency group='org.ow2.asm' module='asm-analysis' version='6.2.1'>
      <sha512>BE273F8E886BBCFDA81180917145996AB8FD26A17264EBEB5E1FC2337950A309D64DC8CBD373220009728622A8CBF56B8578E960B5561C22EA66848D296AE44E</sha512>
    </dependency>
    <dependency group='org.ow2.asm' module='asm-analysis' version='7.0'>
      <sha512>1A6CA169E9E2D29256F9C45570D89E5B039EAF7D405CCB3F7F79926552F2A0818975CE2C6ADCE3F1F59E28172E4303A1C790C52AB06263C61C9C8181FF279CEE</sha512>
    </dependency>
    <dependency group='org.ow2.asm' module='asm-commons' version='6.2.1'>
      <sha512>CDF7DDB8E865B1C22C7532FFF68380FE4EC49A00C6FF3188BF265C4769E49E793B51621FC80A39B5BA2D49E703F100BDB7FC9CFF8F488C5153A9339334371411</sha512>
    </dependency>
    <dependency group='org.ow2.asm' module='asm-commons' version='7.0'>
      <sha512>CA97B49EECE30DA774055B58A63C6E4F65A6BC4C0F40A829DCAF7164FBFFDEC10C6B2D9A22DF0A0918FDC83A47EA9906294AA99D3F170B35FD9E0632578C80B2</sha512>
    </dependency>
    <dependency group='org.ow2.asm' module='asm-tree' version='6.2.1'>
      <sha512>20FE687C2F494717CCEB33C97704FAB7C1867EEA1A0F79B70C68BCAA72E7818F34921B6FBA7A3C1ECBBC7256E1D8E1A538F9EC5B4BD3B2A255D412D2BC2CAA4C</sha512>
    </dependency>
    <dependency group='org.ow2.asm' module='asm-tree' version='7.0'>
      <sha512>81A223620DD16340D18ECBA20AB15CFE078F61AB0EC1AEF091AFCD282E3F6047B9800200412116289EC14917B5ECE9414C8009E92CC9A3333C677B5BFEC13BCF</sha512>
    </dependency>
    <dependency group='org.ow2.asm' module='asm-util' version='7.0'>
      <sha512>6B9630AD4C5F6ABC2724F9D85A7C0E81E524F8B0BF25273DD5578EDC20EFC7AB400095CD48E904D2536071181A8E9F39635FF3FEE0986BD078016D2DFF8241B1</sha512>
    </dependency>
    <dependency group='org.ow2.asm' module='asm' version='6.2.1'>
      <sha512>C8D0AB865B628CB5A71C2B8C5FC8AACDA3E286B14662C3287CE50A96E91990E959F1447D439BD7190D9088E69E4368EFBFF5890FA539F98776F514A262D6DA8C</sha512>
    </dependency>
    <dependency group='org.ow2.asm' module='asm' version='7.0'>
      <sha512>B31699F50485DDC4E84466064CF5789A3E61BAFBEC53C4B9CB19FFEF07B36722D3EFDCA8722884FD6D6DEDACA65DB4DD6F71CD886BBA599E8A77971955167A60</sha512>
    </dependency>
    <dependency group='org.ow2.asm' module='asm' version='7.1'>
      <sha512>7EBA7097109389F48FA9142BF22D225F5D3104D68013D3B8E0A6D4054A8CD0EF64614372BDCB38987D68ADB6D33A3804E98DDF112BA84DBB09D448CE702DACC4</sha512>
    </dependency>
    <dependency group='org.slf4j' module='jcl-over-slf4j' version='1.6.2'>
      <sha512>3BA508C96EE0985865C9E86EBE803D1903835F7C198EB15723CDC86B028D6C82DBB7E96ECB01CEFAD7CC6EC7023155676D034B6B730A911D0FFE9F91FE532592</sha512>
    </dependency>
    <dependency group='org.slf4j' module='slf4j-api' version='1.6.2'>
      <sha512>F520620AA2DF7856DEA11E8B310F5F48C7A53444867112F734FFEF6726DF6EB469BF068564AF79B7DE30845906E7B5772CA064A3CC0DA18918E6DE46BD02D6E6</sha512>
    </dependency>
    <dependency group='org.slf4j' module='slf4j-nop' version='1.6.2'>
      <sha512>89F8559C281F6BCEA4EB193C49AA8C960A5FE6762DCA0198A7BB04B9D8A846AC52231F77EC16B2E9C0B48D0F6011517B641B5B93279B24EEF65EE22E2C1167F3</sha512>
    </dependency>
    <dependency group='org.sonarsource.scanner.gradle' module='sonarqube-gradle-plugin' version='3.0'>
      <sha512>AFC41AFD611214C500CACA4D826652E38D5DDD1BCF182D935AFFD2B5B8DF26650DFEB76E4C06C2D46593E1FB86BB4D093438E8E862666E64AB32FB4B6EFEA30D</sha512>
    </dependency>
    <dependency group='org.sonarsource.scanner.gradle' module='sonarqube-gradle-plugin' version='4.0.0.2929'>
      <sha512>5CD9C5E9C91145E6F5FC1DA819F6241ADCE8685C6C71F480CB7F7F1D2ACFCDFD19C631E7DC2E9FDDEDBA840C6063A020A377644C80543A9E366DF65642F16F8C</sha512>
    </dependency>
    <dependency group='oro' module='oro' version='2.0.8'>
      <sha512>9A98E493C4D771322B1331EC05AB0E363A83D8AC2AF8018D96A44DF2BF5BFC97D33EBE6F6F93E46AB10BF1536F0C29E9D9569318ED49BC18B4E96B1A8B476D37</sha512>
    </dependency>
    <dependency group='xerces' module='xercesImpl' version='2.12.1'>
      <sha512>811AFD85CDD19545785FDE7FB39511F1E171E1D021A96117D105E2B2F37715536E17259E6AD0CE897B4C7C8A5BD1E88C9FA0825B0A2EF9F3956CD82944A33957</sha512>
    </dependency>
    <dependency group='xerces' module='xercesImpl' version='2.9.1'>
      <sha512>37A13B129F3536A53F2A553151A53997DA6DE7CE4D7231EFEEFD26A68C92BE309666F2EE1F527D3B8C38BC6ADDC9FCCBBDD0D134759FD88667976B0CFF842435</sha512>
    </dependency>
    <dependency group='xml-apis' module='xml-apis-ext' version='1.3.04'>
      <sha512>AC0896B9A3FEA71644330DAEF4ECCB33005B5B7AC1E1D1D73EED2B2A1F4B2282057F3C0F3698B899E1C76B19C09C69BF4CD0EE548427B9BCC676B791DB5C36BC</sha512>
    </dependency>
    <dependency group='xml-resolver' module='xml-resolver' version='1.2'>
      <sha512>ECA19B8A6B04C279B7982B16F1763CA1D49B0081A8D4CA2B7419F057D22A0EC60795EB4D901C5EB25DD4A733248876AA2F522C17A6144A26C8EDE9FB2F84531A</sha512>
    </dependency>
    <dependency group='xmlpull' module='xmlpull' version='1.1.3.1'>
      <sha512>54D1090623497E81270B2AF633268656E8855E1EDCE2217886431039516A391BA9F8D8DB3C21A0B5E51C7F7CB672D63EBE77BE75708B760B06F399486960F261</sha512>
    </dependency>
    <dependency group='xpp3' module='xpp3_min' version='1.1.4c'>
      <sha512>34989289CE8ED861499F31742EE1E7B9DC3C59973CE915A7B561D33D98968E77DB5BB94C1692802CCDBD86D04CAA7DB67748EFAFB1402428B2D6AE3056497618</sha512>
    </dependency>
  </dependencies>
</dependency-verification>
